INSERT INTO directors (id, name) VALUES (1,'Christopher Nolan');
INSERT INTO directors (id, name) VALUES (2,'Alejandro Monteverde');
INSERT INTO directors (id, name) VALUES (3,'Damien Chazelle');
INSERT INTO directors (id, name) VALUES (4,'Martin Scorsese');
INSERT INTO directors (id, name) VALUES (5,'Ridley Scott');
INSERT INTO directors (id, name) VALUES (6,'Mel Gibson');
INSERT INTO directors (id, name) VALUES (7,'Steven Spielberg');
INSERT INTO directors (id, name) VALUES (8,'Roland Joffe');
INSERT INTO directors (id, name) VALUES (9,'David O. Russell');
INSERT INTO directors (id, name) VALUES (10,'Adam McKay');

INSERT INTO movies (id, name, director_id, formal_rating, popular_rating) VALUES (1,'Oppenheimer',1,88,87);
INSERT INTO movies (id, name, director_id, formal_rating, popular_rating) VALUES (2,'Sound of Freedom',2,43,79);
INSERT INTO movies (id, name, director_id, formal_rating, popular_rating) VALUES (3,'Babylon',3,60,72);
INSERT INTO movies (id, name, director_id, formal_rating, popular_rating) VALUES (4,'Dunkerque',1,94,78);
INSERT INTO movies (id, name, director_id, formal_rating, popular_rating) VALUES (5,'Los asesinos de la luna',4,0,0);
INSERT INTO movies (id, name, director_id, formal_rating, popular_rating) VALUES (6,'Napoleon',5,0,0);
INSERT INTO movies (id, name, director_id, formal_rating, popular_rating) VALUES (7,'Braveheart',6,68,83);
INSERT INTO movies (id, name, director_id, formal_rating, popular_rating) VALUES (8,'Schindler list',7,95,90);
INSERT INTO movies (id, name, director_id, formal_rating, popular_rating) VALUES (9,'Creadores de sombras',8,50,65);
INSERT INTO movies (id, name, director_id, formal_rating, popular_rating) VALUES (10,'Amsterdam',9,48,61);
--INSERT INTO movies (id, name, director_id, formal_rating, popular_rating) VALUES (11,'',,,);
--INSERT INTO movies (id, name, director_id, formal_rating, popular_rating) VALUES (12,'',,,);
--INSERT INTO movies (id, name, director_id, formal_rating, popular_rating) VALUES (13,'',,,);
--INSERT INTO movies (id, name, director_id, formal_rating, popular_rating) VALUES (14,'',,,);
--INSERT INTO movies (id, name, director_id, formal_rating, popular_rating) VALUES (15,'',,,);
--INSERT INTO movies (id, name, director_id, formal_rating, popular_rating) VALUES (16,'',,,);
--INSERT INTO movies (id, name, director_id, formal_rating, popular_rating) VALUES (17,'',,,);
--INSERT INTO movies (id, name, director_id, formal_rating, popular_rating) VALUES (18,'',,,);
--INSERT INTO movies (id, name, director_id, formal_rating, popular_rating) VALUES (19,'',,,);
--INSERT INTO movies (id, name, director_id, formal_rating, popular_rating) VALUES (20,'',,,);
--INSERT INTO movies (id, name, director_id, formal_rating, popular_rating) VALUES (21,'',,,);
--INSERT INTO movies (id, name, director_id, formal_rating, popular_rating) VALUES (22,'',,,);
--INSERT INTO movies (id, name, director_id, formal_rating, popular_rating) VALUES (23,'',,,);
--INSERT INTO movies (id, name, director_id, formal_rating, popular_rating) VALUES (24,'',,,);
--INSERT INTO movies (id, name, director_id, formal_rating, popular_rating) VALUES (25,'',,,);
--INSERT INTO movies (id, name, director_id, formal_rating, popular_rating) VALUES (26,'',,,);
--INSERT INTO movies (id, name, director_id, formal_rating, popular_rating) VALUES (27,'',,,);
--INSERT INTO movies (id, name, director_id, formal_rating, popular_rating) VALUES (28,'',,,);
--INSERT INTO movies (id, name, director_id, formal_rating, popular_rating) VALUES (29,'',,,);
--INSERT INTO movies (id, name, director_id, formal_rating, popular_rating) VALUES (30,'',,,);
--INSERT INTO movies (id, name, director_id, formal_rating, popular_rating) VALUES (31,'',,,);
--INSERT INTO movies (id, name, director_id, formal_rating, popular_rating) VALUES (32,'',,,);
--INSERT INTO movies (id, name, director_id, formal_rating, popular_rating) VALUES (33,'',,,);
--INSERT INTO movies (id, name, director_id, formal_rating, popular_rating) VALUES (34,'',,,);
--INSERT INTO movies (id, name, director_id, formal_rating, popular_rating) VALUES (35,'',,,);
--INSERT INTO movies (id, name, director_id, formal_rating, popular_rating) VALUES (36,'',,,);
--INSERT INTO movies (id, name, director_id, formal_rating, popular_rating) VALUES (37,'',,,);
--INSERT INTO movies (id, name, director_id, formal_rating, popular_rating) VALUES (38,'',,,);
--INSERT INTO movies (id, name, director_id, formal_rating, popular_rating) VALUES (39,'',,,);
--INSERT INTO movies (id, name, director_id, formal_rating, popular_rating) VALUES (40,'',,,);
--INSERT INTO movies (id, name, director_id, formal_rating, popular_rating) VALUES (41,'',,,);
--INSERT INTO movies (id, name, director_id, formal_rating, popular_rating) VALUES (42,'',,,);
--INSERT INTO movies (id, name, director_id, formal_rating, popular_rating) VALUES (43,'',,,);
--INSERT INTO movies (id, name, director_id, formal_rating, popular_rating) VALUES (44,'',,,);
--INSERT INTO movies (id, name, director_id, formal_rating, popular_rating) VALUES (45,'',,,);
--INSERT INTO movies (id, name, director_id, formal_rating, popular_rating) VALUES (46,'',,,);
--INSERT INTO movies (id, name, director_id, formal_rating, popular_rating) VALUES (47,'',,,);
--INSERT INTO movies (id, name, director_id, formal_rating, popular_rating) VALUES (48,'',,,);
--INSERT INTO movies (id, name, director_id, formal_rating, popular_rating) VALUES (49,'',,,);
--INSERT INTO movies (id, name, director_id, formal_rating, popular_rating) VALUES (50,'',,,);


INSERT INTO genres (id, name) VALUES (1, 'Terror');
INSERT INTO genres (id, name) VALUES (2, 'Accion');
INSERT INTO genres (id, name) VALUES (3, 'Comedia');
INSERT INTO genres (id, name) VALUES (4, 'Documental');
INSERT INTO genres (id, name) VALUES (5, 'Thriller');
INSERT INTO genres (id, name) VALUES (6, 'Comedia Romantica');
INSERT INTO genres (id, name) VALUES (7, 'Gore');
INSERT INTO genres (id, name) VALUES (8, 'Animacion');
INSERT INTO genres (id, name) VALUES (9, 'Policial');
INSERT INTO genres (id, name) VALUES (10, 'Biografia');
INSERT INTO genres (id, name) VALUES (11, 'Drama');
INSERT INTO genres (id, name) VALUES (12, 'Aventura');
INSERT INTO genres (id, name) VALUES (13, 'Guerra');
INSERT INTO genres (id, name) VALUES (14, 'Historia');
INSERT INTO genres (id, name) VALUES (15, 'Crimen');

INSERT INTO movie_genres (movie_id, genre_id) VALUES (1,10);
INSERT INTO movie_genres (movie_id, genre_id) VALUES (1,11);
INSERT INTO movie_genres (movie_id, genre_id) VALUES (1,14);
INSERT INTO movie_genres (movie_id, genre_id) VALUES (2,2);
INSERT INTO movie_genres (movie_id, genre_id) VALUES (2,10);
INSERT INTO movie_genres (movie_id, genre_id) VALUES (2,11);
INSERT INTO movie_genres (movie_id, genre_id) VALUES (3,3);
INSERT INTO movie_genres (movie_id, genre_id) VALUES (3,11);
INSERT INTO movie_genres (movie_id, genre_id) VALUES (3,14);
INSERT INTO movie_genres (movie_id, genre_id) VALUES (4,2);
INSERT INTO movie_genres (movie_id, genre_id) VALUES (4,11);
INSERT INTO movie_genres (movie_id, genre_id) VALUES (4,14);
INSERT INTO movie_genres (movie_id, genre_id) VALUES (5,15);
INSERT INTO movie_genres (movie_id, genre_id) VALUES (5,11);
INSERT INTO movie_genres (movie_id, genre_id) VALUES (5,14);
INSERT INTO movie_genres (movie_id, genre_id) VALUES (6,2);
INSERT INTO movie_genres (movie_id, genre_id) VALUES (6,12);
INSERT INTO movie_genres (movie_id, genre_id) VALUES (6,10);
INSERT INTO movie_genres (movie_id, genre_id) VALUES (7,10);
INSERT INTO movie_genres (movie_id, genre_id) VALUES (7,11);
INSERT INTO movie_genres (movie_id, genre_id) VALUES (7,14);
INSERT INTO movie_genres (movie_id, genre_id) VALUES (8,10);
INSERT INTO movie_genres (movie_id, genre_id) VALUES (8,11);
INSERT INTO movie_genres (movie_id, genre_id) VALUES (8,14);
INSERT INTO movie_genres (movie_id, genre_id) VALUES (9,10);
INSERT INTO movie_genres (movie_id, genre_id) VALUES (9,11);
INSERT INTO movie_genres (movie_id, genre_id) VALUES (9,14);
INSERT INTO movie_genres (movie_id, genre_id) VALUES (10,3);
INSERT INTO movie_genres (movie_id, genre_id) VALUES (10,11);
INSERT INTO movie_genres (movie_id, genre_id) VALUES (10,14);


