INSERT INTO customers (id, name, address, dni) VALUES (1,'Roberto Fernandez', 'Chaco 185', 12542343);
INSERT INTO customers (id, name, address, dni) VALUES (2,'Macarena Ruiz', 'Tucuman 1185', 33354105);
INSERT INTO customers (id, name, address, dni) VALUES (3,'Marcos Alberto Lopez', 'Entre Rios 59', 47362600);
INSERT INTO customers (id, name, address, dni) VALUES (4,'Maria Eugenia Wirz', 'San Martin 325', 21730805);
INSERT INTO customers (id, name, address, dni) VALUES (5,'Sandra Valeria Lopez', 'Belgrano 6452', 23739049);
INSERT INTO customers (id, name, address, dni) VALUES (6,'Paola Alvarez', 'Sarmiento 403', 53277346);
INSERT INTO customers (id, name, address, dni) VALUES (7,'Matias Ezequiel Lopez', 'Mitre 634', 26835630);
INSERT INTO customers (id, name, address, dni) VALUES (8,'Edith Solis', 'Santa Margarita 1385', 36337012);
INSERT INTO customers (id, name, address, dni) VALUES (9,'Marcos Silva', 'San Juan 765', 19050336);
INSERT INTO customers (id, name, address, dni) VALUES (10,'Paola Valeria Vara', 'Santa Cruz 15', 30454479);


INSERT INTO formats (id, name) VALUES (1,'dvd');
INSERT INTO formats (id, name) VALUES (2,'vhs');;
INSERT INTO formats (id, name) VALUES (3,'blue-ray');
INSERT INTO formats (id, name) VALUES (4,'digital');



INSERT INTO directors (id, name) VALUES (1,'Christopher Nolan');
INSERT INTO directors (id, name) VALUES (2,'Alejandro Monteverde');
INSERT INTO directors (id, name) VALUES (3,'Damien Chazelle');
INSERT INTO directors (id, name) VALUES (4,'Martin Scorsese');
INSERT INTO directors (id, name) VALUES (5,'Ridley Scott');
INSERT INTO directors (id, name) VALUES (6,'Mel Gibson');
INSERT INTO directors (id, name) VALUES (7,'Steven Spielberg');
INSERT INTO directors (id, name) VALUES (8,'Roland Joffe');
INSERT INTO directors (id, name) VALUES (9,'David O. Russell');
INSERT INTO directors (id, name) VALUES (10,'Adam McKay');

INSERT INTO movies (id, name, director_id, formal_rating) VALUES (1,'Oppenheimer',1,88);--popular_rating,87);
INSERT INTO movies (id, name, director_id, formal_rating) VALUES (2,'Sound of Freedom',2,43);--popular_rating,79);
INSERT INTO movies (id, name, director_id, formal_rating) VALUES (3,'Babylon',3,60);--popular_rating,72);
INSERT INTO movies (id, name, director_id, formal_rating) VALUES (4,'Dunkerque',1,94);--popular_rating,78);
INSERT INTO movies (id, name, director_id, formal_rating) VALUES (5,'Los asesinos de la luna',4,0);--popular_rating,0);
INSERT INTO movies (id, name, director_id, formal_rating) VALUES (6,'Napoleon',5,0);--popular_rating,0);
INSERT INTO movies (id, name, director_id, formal_rating) VALUES (7,'Braveheart',6,68);--popular_rating,83);
INSERT INTO movies (id, name, director_id, formal_rating) VALUES (8,'Schindler list',7,95);--popular_rating,90);
INSERT INTO movies (id, name, director_id, formal_rating) VALUES (9,'Creadores de sombras',8,50);--popular_rating,65);
INSERT INTO movies (id, name, director_id, formal_rating) VALUES (10,'Amsterdam',9,48);--popular_rating;,61);
--INSERT INTO movies (id, name, director_id, formal_rating, popular_rating) VALUES (11,'',,,);
--INSERT INTO movies (id, name, director_id, formal_rating, popular_rating) VALUES (12,'',,,);
--INSERT INTO movies (id, name, director_id, formal_rating, popular_rating) VALUES (13,'',,,);
--INSERT INTO movies (id, name, director_id, formal_rating, popular_rating) VALUES (14,'',,,);
--INSERT INTO movies (id, name, director_id, formal_rating, popular_rating) VALUES (15,'',,,);
--INSERT INTO movies (id, name, director_id, formal_rating, popular_rating) VALUES (16,'',,,);
--INSERT INTO movies (id, name, director_id, formal_rating, popular_rating) VALUES (17,'',,,);
--INSERT INTO movies (id, name, director_id, formal_rating, popular_rating) VALUES (18,'',,,);
--INSERT INTO movies (id, name, director_id, formal_rating, popular_rating) VALUES (19,'',,,);
--INSERT INTO movies (id, name, director_id, formal_rating, popular_rating) VALUES (20,'',,,);
--INSERT INTO movies (id, name, director_id, formal_rating, popular_rating) VALUES (21,'',,,);
--INSERT INTO movies (id, name, director_id, formal_rating, popular_rating) VALUES (22,'',,,);
--INSERT INTO movies (id, name, director_id, formal_rating, popular_rating) VALUES (23,'',,,);
--INSERT INTO movies (id, name, director_id, formal_rating, popular_rating) VALUES (24,'',,,);
--INSERT INTO movies (id, name, director_id, formal_rating, popular_rating) VALUES (25,'',,,);
--INSERT INTO movies (id, name, director_id, formal_rating, popular_rating) VALUES (26,'',,,);
--INSERT INTO movies (id, name, director_id, formal_rating, popular_rating) VALUES (27,'',,,);
--INSERT INTO movies (id, name, director_id, formal_rating, popular_rating) VALUES (28,'',,,);
--INSERT INTO movies (id, name, director_id, formal_rating, popular_rating) VALUES (29,'',,,);
--INSERT INTO movies (id, name, director_id, formal_rating, popular_rating) VALUES (30,'',,,);
--INSERT INTO movies (id, name, director_id, formal_rating, popular_rating) VALUES (31,'',,,);
--INSERT INTO movies (id, name, director_id, formal_rating, popular_rating) VALUES (32,'',,,);
--INSERT INTO movies (id, name, director_id, formal_rating, popular_rating) VALUES (33,'',,,);
--INSERT INTO movies (id, name, director_id, formal_rating, popular_rating) VALUES (34,'',,,);
--INSERT INTO movies (id, name, director_id, formal_rating, popular_rating) VALUES (35,'',,,);
--INSERT INTO movies (id, name, director_id, formal_rating, popular_rating) VALUES (36,'',,,);
--INSERT INTO movies (id, name, director_id, formal_rating, popular_rating) VALUES (37,'',,,);
--INSERT INTO movies (id, name, director_id, formal_rating, popular_rating) VALUES (38,'',,,);
--INSERT INTO movies (id, name, director_id, formal_rating, popular_rating) VALUES (39,'',,,);
--INSERT INTO movies (id, name, director_id, formal_rating, popular_rating) VALUES (40,'',,,);
--INSERT INTO movies (id, name, director_id, formal_rating, popular_rating) VALUES (41,'',,,);
--INSERT INTO movies (id, name, director_id, formal_rating, popular_rating) VALUES (42,'',,,);
--INSERT INTO movies (id, name, director_id, formal_rating, popular_rating) VALUES (43,'',,,);
--INSERT INTO movies (id, name, director_id, formal_rating, popular_rating) VALUES (44,'',,,);
--INSERT INTO movies (id, name, director_id, formal_rating, popular_rating) VALUES (45,'',,,);
--INSERT INTO movies (id, name, director_id, formal_rating, popular_rating) VALUES (46,'',,,);
--INSERT INTO movies (id, name, director_id, formal_rating, popular_rating) VALUES (47,'',,,);
--INSERT INTO movies (id, name, director_id, formal_rating, popular_rating) VALUES (48,'',,,);
--INSERT INTO movies (id, name, director_id, formal_rating, popular_rating) VALUES (49,'',,,);
--INSERT INTO movies (id, name, director_id, formal_rating, popular_rating) VALUES (50,'',,,);


INSERT INTO genres (id, name) VALUES (1, 'Terror');
INSERT INTO genres (id, name) VALUES (2, 'Accion');
INSERT INTO genres (id, name) VALUES (3, 'Comedia');
INSERT INTO genres (id, name) VALUES (4, 'Documental');
INSERT INTO genres (id, name) VALUES (5, 'Thriller');
INSERT INTO genres (id, name) VALUES (6, 'Comedia Romantica');
INSERT INTO genres (id, name) VALUES (7, 'Gore');
INSERT INTO genres (id, name) VALUES (8, 'Animacion');
INSERT INTO genres (id, name) VALUES (9, 'Policial');
INSERT INTO genres (id, name) VALUES (10, 'Biografia');
INSERT INTO genres (id, name) VALUES (11, 'Drama');
INSERT INTO genres (id, name) VALUES (12, 'Aventura');
INSERT INTO genres (id, name) VALUES (13, 'Guerra');
INSERT INTO genres (id, name) VALUES (14, 'Historia');
INSERT INTO genres (id, name) VALUES (15, 'Crimen');

INSERT INTO movie_genres (movie_id, genre_id) VALUES (1,10);
INSERT INTO movie_genres (movie_id, genre_id) VALUES (1,11);
INSERT INTO movie_genres (movie_id, genre_id) VALUES (1,14);
INSERT INTO movie_genres (movie_id, genre_id) VALUES (2,2);
INSERT INTO movie_genres (movie_id, genre_id) VALUES (2,10);
INSERT INTO movie_genres (movie_id, genre_id) VALUES (2,11);
INSERT INTO movie_genres (movie_id, genre_id) VALUES (3,3);
INSERT INTO movie_genres (movie_id, genre_id) VALUES (3,11);
INSERT INTO movie_genres (movie_id, genre_id) VALUES (3,14);
INSERT INTO movie_genres (movie_id, genre_id) VALUES (4,2);
INSERT INTO movie_genres (movie_id, genre_id) VALUES (4,11);
INSERT INTO movie_genres (movie_id, genre_id) VALUES (4,14);
INSERT INTO movie_genres (movie_id, genre_id) VALUES (5,15);
INSERT INTO movie_genres (movie_id, genre_id) VALUES (5,11);
INSERT INTO movie_genres (movie_id, genre_id) VALUES (5,14);
INSERT INTO movie_genres (movie_id, genre_id) VALUES (6,2);
INSERT INTO movie_genres (movie_id, genre_id) VALUES (6,12);
INSERT INTO movie_genres (movie_id, genre_id) VALUES (6,10);
INSERT INTO movie_genres (movie_id, genre_id) VALUES (7,10);
INSERT INTO movie_genres (movie_id, genre_id) VALUES (7,11);
INSERT INTO movie_genres (movie_id, genre_id) VALUES (7,14);
INSERT INTO movie_genres (movie_id, genre_id) VALUES (8,10);
INSERT INTO movie_genres (movie_id, genre_id) VALUES (8,11);
INSERT INTO movie_genres (movie_id, genre_id) VALUES (8,14);
INSERT INTO movie_genres (movie_id, genre_id) VALUES (9,10);
INSERT INTO movie_genres (movie_id, genre_id) VALUES (9,11);
INSERT INTO movie_genres (movie_id, genre_id) VALUES (9,14);
INSERT INTO movie_genres (movie_id, genre_id) VALUES (10,3);
INSERT INTO movie_genres (movie_id, genre_id) VALUES (10,11);
INSERT INTO movie_genres (movie_id, genre_id) VALUES (10,14);


